step,epoch,epoch_step,loss,learn_rate
500,8,19,0.0051463,5e-05
1000,16,39,0.0023716,5e-05
1500,24,59,0.0015897,5e-05
2000,33,19,0.0053955,5e-05
